Stephen Potter,
Mayra Hurley,
Jordan Hoover,
Brody Yang,
Adalyn Zuniga,
Libby Shelton,
Aurora Nichols,
Laura Farrell,
Lila Davidson,
Meadow Riddle,
Stephen Vincent,
Sonny Frederick,
Baylee Middleton,
Lucian Murphy,
Arianna Patel,
Taliyah Norris,
Teagan Kerr,
Kadyn Olson,
Eva Paul,
Reyna Lang,
Conrad Simpson,
Felipe Logan,
Ahmed Schneider,
Rylee Harrington,
Alexandra Patton,
Reuben Davidson,
Aliana Santos,
Rishi Levine,
Lila Dillon,
Aaden Holder,
Israel Cohen,
Gabriella Francis,
Charlie Rangel,
Melina Hahn,
Billy Sutton,
Keon Rogers,
Alejandra Ortega,
Kaila Hayes,
Avah Rivera,
Lillian Carroll,
Armando Finley,
Tara Marks,
Lawrence David,
Roberto Brandt,
Ava Marquez,
Anderson Fletcher,
Priscilla Pennington,
Ricky Hinton,
Lorelei Lin,
Angel Howe,